{
  "Create Non-Individual - No Relationship" : {
    "transaction" : "Create Non-Individual - No Relationship",
    "sampleCount" : 91,
    "errorCount" : 11,
    "errorPct" : 12.087913,
    "meanResTime" : 6163.329670329673,
    "medianResTime" : 4330.0,
    "minResTime" : 1893.0,
    "maxResTime" : 34753.0,
    "pct1ResTime" : 13320.6,
    "pct2ResTime" : 17473.199999999983,
    "pct3ResTime" : 34753.0,
    "throughput" : 0.07621115011000366,
    "receivedKBytesPerSec" : 0.05706594478585923,
    "sentKBytesPerSec" : 0.1995880907725047
  },
  "List 100 Persons" : {
    "transaction" : "List 100 Persons",
    "sampleCount" : 184,
    "errorCount" : 0,
    "errorPct" : 0.0,
    "meanResTime" : 2184.9782608695655,
    "medianResTime" : 954.5,
    "minResTime" : 421.0,
    "maxResTime" : 43208.0,
    "pct1ResTime" : 3297.5,
    "pct2ResTime" : 8916.0,
    "pct3ResTime" : 29681.10000000009,
    "throughput" : 0.1537640006718818,
    "receivedKBytesPerSec" : 5.646225921622979,
    "sentKBytesPerSec" : 0.2363422939165446
  },
  "Officer E1A" : {
    "transaction" : "Officer E1A",
    "sampleCount" : 149,
    "errorCount" : 16,
    "errorPct" : 10.7382555,
    "meanResTime" : 14113.127516778524,
    "medianResTime" : 5414.0,
    "minResTime" : 1825.0,
    "maxResTime" : 125334.0,
    "pct1ResTime" : 40394.0,
    "pct2ResTime" : 66144.0,
    "pct3ResTime" : 113987.0,
    "throughput" : 0.12555488518047883,
    "receivedKBytesPerSec" : 0.11495016487505183,
    "sentKBytesPerSec" : 0.3668704923478932
  },
  "Create - Officer E1C" : {
    "transaction" : "Create - Officer E1C",
    "sampleCount" : 97,
    "errorCount" : 4,
    "errorPct" : 4.123711,
    "meanResTime" : 5828.247422680412,
    "medianResTime" : 4645.0,
    "minResTime" : 2008.0,
    "maxResTime" : 19350.0,
    "pct1ResTime" : 11433.400000000001,
    "pct2ResTime" : 13378.699999999995,
    "pct3ResTime" : 19350.0,
    "throughput" : 0.5216231622194258,
    "receivedKBytesPerSec" : 0.4947196157868981,
    "sentKBytesPerSec" : 1.5231671516552125
  },
  "Company with Connections - Officer E4" : {
    "transaction" : "Company with Connections - Officer E4",
    "sampleCount" : 97,
    "errorCount" : 14,
    "errorPct" : 14.43299,
    "meanResTime" : 5610.42268041237,
    "medianResTime" : 5114.0,
    "minResTime" : 966.0,
    "maxResTime" : 17264.0,
    "pct1ResTime" : 9196.000000000002,
    "pct2ResTime" : 11312.999999999998,
    "pct3ResTime" : 17264.0,
    "throughput" : 0.5282562641934834,
    "receivedKBytesPerSec" : 0.45564549205437227,
    "sentKBytesPerSec" : 1.718050749701835
  },
  "Company with Connections - BDO 1% and 15% H1A1" : {
    "transaction" : "Company with Connections - BDO 1% and 15% H1A1",
    "sampleCount" : 97,
    "errorCount" : 10,
    "errorPct" : 10.3092785,
    "meanResTime" : 29290.26804123712,
    "medianResTime" : 20212.0,
    "minResTime" : 2459.0,
    "maxResTime" : 129951.0,
    "pct1ResTime" : 60673.800000000025,
    "pct2ResTime" : 72350.69999999997,
    "pct3ResTime" : 129951.0,
    "throughput" : 0.18742041877836665,
    "receivedKBytesPerSec" : 0.16447213497941274,
    "sentKBytesPerSec" : 0.6370743219776526
  },
  "Create - Director E4" : {
    "transaction" : "Create - Director E4",
    "sampleCount" : 97,
    "errorCount" : 2,
    "errorPct" : 2.0618556,
    "meanResTime" : 12904.443298969074,
    "medianResTime" : 9794.0,
    "minResTime" : 2133.0,
    "maxResTime" : 40703.0,
    "pct1ResTime" : 25155.000000000007,
    "pct2ResTime" : 35732.7,
    "pct3ResTime" : 40703.0,
    "throughput" : 0.3926076433017898,
    "receivedKBytesPerSec" : 0.3784255775784608,
    "sentKBytesPerSec" : 1.0954222821533517
  },
  "Create - Officer E4" : {
    "transaction" : "Create - Officer E4",
    "sampleCount" : 97,
    "errorCount" : 4,
    "errorPct" : 4.123711,
    "meanResTime" : 9915.927835051547,
    "medianResTime" : 7677.0,
    "minResTime" : 533.0,
    "maxResTime" : 33359.0,
    "pct1ResTime" : 22391.2,
    "pct2ResTime" : 25305.1,
    "pct3ResTime" : 33359.0,
    "throughput" : 0.4963261630405862,
    "receivedKBytesPerSec" : 0.47072235284185104,
    "sentKBytesPerSec" : 1.4492935826817985
  },
  "Company with Connections H1B" : {
    "transaction" : "Company with Connections H1B",
    "sampleCount" : 97,
    "errorCount" : 4,
    "errorPct" : 4.123711,
    "meanResTime" : 105721.0412371134,
    "medianResTime" : 100101.0,
    "minResTime" : 15944.0,
    "maxResTime" : 227002.0,
    "pct1ResTime" : 168258.6,
    "pct2ResTime" : 193657.89999999997,
    "pct3ResTime" : 227002.0,
    "throughput" : 0.16607769011615167,
    "receivedKBytesPerSec" : 0.1494528665736974,
    "sentKBytesPerSec" : 0.4914012259358564
  },
  "Search - Officer E4" : {
    "transaction" : "Search - Officer E4",
    "sampleCount" : 97,
    "errorCount" : 0,
    "errorPct" : 0.0,
    "meanResTime" : 4956.216494845362,
    "medianResTime" : 3117.0,
    "minResTime" : 585.0,
    "maxResTime" : 24784.0,
    "pct1ResTime" : 10650.0,
    "pct2ResTime" : 17387.999999999993,
    "pct3ResTime" : 24784.0,
    "throughput" : 0.5244320455012381,
    "receivedKBytesPerSec" : 1.7616002290335313,
    "sentKBytesPerSec" : 1.4867443633692328
  },
  "Child of Director E1C" : {
    "transaction" : "Child of Director E1C",
    "sampleCount" : 97,
    "errorCount" : 0,
    "errorPct" : 0.0,
    "meanResTime" : 17282.546391752578,
    "medianResTime" : 11094.0,
    "minResTime" : 2658.0,
    "maxResTime" : 111715.0,
    "pct1ResTime" : 37235.40000000001,
    "pct2ResTime" : 50184.1,
    "pct3ResTime" : 111715.0,
    "throughput" : 0.4027152139165092,
    "receivedKBytesPerSec" : 0.5226037536586885,
    "sentKBytesPerSec" : 1.121211246445104
  },
  "Spouse of Officer E1A" : {
    "transaction" : "Spouse of Officer E1A",
    "sampleCount" : 132,
    "errorCount" : 4,
    "errorPct" : 3.030303,
    "meanResTime" : 76091.01515151515,
    "medianResTime" : 65416.0,
    "minResTime" : 13554.0,
    "maxResTime" : 205826.0,
    "pct1ResTime" : 143196.1,
    "pct2ResTime" : 153098.24999999997,
    "pct3ResTime" : 202413.79999999987,
    "throughput" : 0.10983771477641785,
    "receivedKBytesPerSec" : 0.13789928115584224,
    "sentKBytesPerSec" : 0.29110553610165985
  },
  "Search - Officer" : {
    "transaction" : "Search - Officer",
    "sampleCount" : 97,
    "errorCount" : 0,
    "errorPct" : 0.0,
    "meanResTime" : 4621.639175257732,
    "medianResTime" : 3347.0,
    "minResTime" : 536.0,
    "maxResTime" : 28947.0,
    "pct1ResTime" : 9690.000000000004,
    "pct2ResTime" : 15601.0,
    "pct3ResTime" : 28947.0,
    "throughput" : 0.544188681997453,
    "receivedKBytesPerSec" : 1.9322018305357171,
    "sentKBytesPerSec" : 1.5427426986849708
  },
  "Search BDO" : {
    "transaction" : "Search BDO",
    "sampleCount" : 289,
    "errorCount" : 0,
    "errorPct" : 0.0,
    "meanResTime" : 35064.01730103809,
    "medianResTime" : 30506.0,
    "minResTime" : 4867.0,
    "maxResTime" : 162906.0,
    "pct1ResTime" : 59047.0,
    "pct2ResTime" : 76617.5,
    "pct3ResTime" : 156150.50000000003,
    "throughput" : 0.47646839646127415,
    "receivedKBytesPerSec" : 0.471815384777082,
    "sentKBytesPerSec" : 0.9491805727636485
  },
  "Director E1A" : {
    "transaction" : "Director E1A",
    "sampleCount" : 156,
    "errorCount" : 1,
    "errorPct" : 0.64102566,
    "meanResTime" : 6367.621794871796,
    "medianResTime" : 4261.0,
    "minResTime" : 2067.0,
    "maxResTime" : 36835.0,
    "pct1ResTime" : 13136.8,
    "pct2ResTime" : 16185.600000000008,
    "pct3ResTime" : 31443.370000000064,
    "throughput" : 0.13010701301820746,
    "receivedKBytesPerSec" : 0.12639057734361514,
    "sentKBytesPerSec" : 0.36302075253771227
  },
  "Director E1B" : {
    "transaction" : "Director E1B",
    "sampleCount" : 194,
    "errorCount" : 11,
    "errorPct" : 5.670103,
    "meanResTime" : 27056.46907216495,
    "medianResTime" : 24712.0,
    "minResTime" : 3054.0,
    "maxResTime" : 88360.0,
    "pct1ResTime" : 48489.5,