{
  "Create Non-Individual - No Relationship" : {
    "transaction" : "Create Non-Individual - No Relationship",
    "sampleCount" : 202,
    "errorCount" : 31,
    "errorPct" : 15.346535,
    "meanResTime" : 18445.752475247526,
    "medianResTime" : 12314.5,
    "minResTime" : 15.0,
    "maxResTime" : 144900.0,
    "pct1ResTime" : 41128.3,
    "pct2ResTime" : 58577.09999999996,
    "pct3ResTime" : 78539.59,
    "throughput" : 0.03775570377472928,
    "receivedKBytesPerSec" : 0.02786994748779715,
    "sentKBytesPerSec" : 0.09885445988082654
  },
  "List 100 Persons" : {
    "transaction" : "List 100 Persons",
    "sampleCount" : 385,
    "errorCount" : 15,
    "errorPct" : 3.8961039,
    "meanResTime" : 3952.472727272727,
    "medianResTime" : 1134.0,
    "minResTime" : 27.0,
    "maxResTime" : 58240.0,
    "pct1ResTime" : 11897.000000000016,
    "pct2ResTime" : 16967.39999999999,
    "pct3ResTime" : 37093.47999999998,
    "throughput" : 0.07145687577546951,
    "receivedKBytesPerSec" : 2.5198495832764927,
    "sentKBytesPerSec" : 0.10982978357382749
  },
  "Officer E1A" : {
    "transaction" : "Officer E1A",
    "sampleCount" : 359,
    "errorCount" : 44,
    "errorPct" : 12.256268,
    "meanResTime" : 20707.30083565459,
    "medianResTime" : 14910.0,
    "minResTime" : 13.0,
    "maxResTime" : 115118.0,
    "pct1ResTime" : 50109.0,
    "pct2ResTime" : 64274.0,
    "pct3ResTime" : 97249.99999999962,
    "throughput" : 0.06710336815917142,
    "receivedKBytesPerSec" : 0.06111087470595547,
    "sentKBytesPerSec" : 0.1960723997912132
  },
  "Create - Officer E1C" : {
    "transaction" : "Create - Officer E1C",
    "sampleCount" : 321,
    "errorCount" : 25,
    "errorPct" : 7.788162,
    "meanResTime" : 13185.395638629287,
    "medianResTime" : 8491.0,
    "minResTime" : 10.0,
    "maxResTime" : 74040.0,
    "pct1ResTime" : 31371.80000000001,
    "pct2ResTime" : 42113.099999999955,
    "pct3ResTime" : 71984.35999999986,
    "throughput" : 0.06540583505626431,
    "receivedKBytesPerSec" : 0.06100258555531489,
    "sentKBytesPerSec" : 0.19098191834295436
  },
  "Company with Connections - Officer E4" : {
    "transaction" : "Company with Connections - Officer E4",
    "sampleCount" : 330,
    "errorCount" : 49,
    "errorPct" : 14.848485,
    "meanResTime" : 12907.83636363637,
    "medianResTime" : 8382.5,
    "minResTime" : 52.0,
    "maxResTime" : 88452.0,
    "pct1ResTime" : 27441.800000000003,
    "pct2ResTime" : 36611.2,
    "pct3ResTime" : 73512.80999999997,
    "throughput" : 0.06610640486927759,
    "receivedKBytesPerSec" : 0.05695515157447427,
    "sentKBytesPerSec" : 0.21486381354428086
  },
  "Company with Connections - BDO 1% and 15% H1A1" : {
    "transaction" : "Company with Connections - BDO 1% and 15% H1A1",
    "sampleCount" : 314,
    "errorCount" : 45,
    "errorPct" : 14.33121,
    "meanResTime" : 26674.401273885363,
    "medianResTime" : 17745.0,
    "minResTime" : 12.0,
    "maxResTime" : 160355.0,
    "pct1ResTime" : 61481.0,
    "pct2ResTime" : 86657.75,
    "pct3ResTime" : 139976.85000000015,
    "throughput" : 0.06299683992603287,
    "receivedKBytesPerSec" : 0.054296804232003316,
    "sentKBytesPerSec" : 0.21405085455012732
  },
  "Create - Director E4" : {
    "transaction" : "Create - Director E4",
    "sampleCount" : 340,
    "errorCount" : 38,
    "errorPct" : 11.176471,
    "meanResTime" : 17993.273529411763,
    "medianResTime" : 14846.5,
    "minResTime" : 12.0,
    "maxResTime" : 84308.0,
    "pct1ResTime" : 38937.20000000001,
    "pct2ResTime" : 46000.6,
    "pct3ResTime" : 63341.419999999904,
    "throughput" : 0.06793643866798224,
    "receivedKBytesPerSec" : 0.06244567738673697,
    "sentKBytesPerSec" : 0.18955234232851745
  },
  "Create - Officer E4" : {
    "transaction" : "Create - Officer E4",
    "sampleCount" : 339,
    "errorCount" : 19,
    "errorPct" : 5.6047196,
    "meanResTime" : 17074.63716814159,
    "medianResTime" : 11988.0,
    "minResTime" : 11.0,
    "maxResTime" : 90874.0,
    "pct1ResTime" : 36863.0,
    "pct2ResTime" : 55093.0,
    "pct3ResTime" : 75688.40000000001,
    "throughput" : 0.06747490590335761,
    "receivedKBytesPerSec" : 0.06369623653238696,
    "sentKBytesPerSec" : 0.19702981192862787
  },
  "Company with Connections H1B" : {
    "transaction" : "Company with Connections H1B",
    "sampleCount" : 303,
    "errorCount" : 32,
    "errorPct" : 10.561056,
    "meanResTime" : 131209.05280528057,
    "medianResTime" : 132397.0,
    "minResTime" : 12.0,
    "maxResTime" : 359842.0,
    "pct1ResTime" : 206048.20000000004,
    "pct2ResTime" : 244080.6,
    "pct3ResTime" : 344759.0799999998,
    "throughput" : 0.06038483674969349,
    "receivedKBytesPerSec" : 0.05280306306319323,
    "sentKBytesPerSec" : 0.17867973461960343
  },
  "Search - Officer E4" : {
    "transaction" : "Search - Officer E4",
    "sampleCount" : 337,
    "errorCount" : 15,
    "errorPct" : 4.4510384,
    "meanResTime" : 12425.10385756677,
    "medianResTime" : 6507.0,
    "minResTime" : 81.0,
    "maxResTime" : 152781.0,
    "pct1ResTime" : 30437.79999999998,
    "pct2ResTime" : 43412.59999999999,
    "pct3ResTime" : 92177.32000000005,
    "throughput" : 0.06652705854854936,
    "receivedKBytesPerSec" : 0.16394564581388849,
    "sentKBytesPerSec" : 0.1885742371029302
  },
  "Child of Director E1C" : {
    "transaction" : "Child of Director E1C",
    "sampleCount" : 321,
    "errorCount" : 19,
    "errorPct" : 5.919003,
    "meanResTime" : 27036.816199376957,
    "medianResTime" : 17609.0,
    "minResTime" : 10.0,
    "maxResTime" : 201639.0,
    "pct1ResTime" : 61786.2,
    "pct2ResTime" : 82234.9,
    "pct3ResTime" : 165759.63999999914,
    "throughput" : 0.06463751843478135,
    "receivedKBytesPerSec" : 0.08070545879700516,
    "sentKBytesPerSec" : 0.17984546296974965
  },
  "Spouse of Officer E1A" : {
    "transaction" : "Spouse of Officer E1A",
    "sampleCount" : 359,
    "errorCount" : 40,
    "errorPct" : 11.142061,
    "meanResTime" : 90999.37047353756,
    "medianResTime" : 85744.0,
    "minResTime" : 24.0,
    "maxResTime" : 312792.0,
    "pct1ResTime" : 147014.0,
    "pct2ResTime" : 193374.0,
    "pct3ResTime" : 273608.3999999996,
    "throughput" : 0.06644910600039129,
    "receivedKBytesPerSec" : 0.0791423934815278,
    "sentKBytesPerSec" : 0.17610759201165135
  },
  "Search - Officer" : {
    "transaction" : "Search - Officer",
    "sampleCount" : 321,
    "errorCount" : 15,
    "errorPct" : 4.6728973,
    "meanResTime" : 10461.17757009346,
    "medianResTime" : 5921.0,
    "minResTime" : 11.0,
    "maxResTime" : 89190.0,
    "pct1ResTime" : 23278.6,
    "pct2ResTime" : 37181.69999999998,
    "pct3ResTime" : 77092.43999999986,
    "throughput" : 0.06537684865259537,
    "receivedKBytesPerSec" : 0.24676745151980808,
    "sentKBytesPerSec" : 0.1852737852838954
  },
  "Search BDO" : {
    "transaction" : "Search BDO",
    "sampleCount" : 916,
    "errorCount" : 45,
    "errorPct" : 4.912664,
    "meanResTime" : 34157.0021834061,
    "medianResTime" : 29747.5,
    "minResTime" : 12.0,
    "maxResTime" : 155434.0,
    "pct1ResTime" : 63358.60000000002,
    "pct2ResTime" : 79661.19999999998,
    "pct3ResTime" : 115679.83000000018,
    "throughput" : 0.18332044153008525,
    "receivedKBytesPerSec" : 0.17751408769311436,
    "sentKBytesPerSec" : 0.36518719361120255
  },
  "Director E1A" : {
    "transaction" : "Director E1A",
    "sampleCount" : 360,
    "errorCount" : 32,
    "errorPct" : 8.888889,
    "meanResTime" : 18269.87500000001,
    "medianResTime" : 10698.0,
    "minResTime" : 12.0,
    "maxResTime" : 122894.0,
    "pct1ResTime" : 45464.700000000026,
    "pct2ResTime" : 59631.44999999999,
    "pct3ResTime" : 94508.79999999996,
    "throughput" : 0.06684801046394191,
    "receivedKBytesPerSec" : 0.06223788413466458,
    "sentKBytesPerSec" : 0.18651454456032673
  },
  "Director E1B" : {
    "transaction" : "Director E1B",
    "sampleCount" : 698,
    "errorCount" : 72,
    "errorPct" : 10.3151865,