{
  "Create Non-Individual - No Relationship" : {
    "transaction" : "Create Non-Individual - No Relationship",
    "sampleCount" : 60,
    "errorCount" : 7,
    "errorPct" : 11.666667,
    "meanResTime" : 4085.0,
    "medianResTime" : 2763.5,
    "minResTime" : 1445.0,
    "maxResTime" : 17807.0,
    "pct1ResTime" : 8035.199999999998,
    "pct2ResTime" : 13958.449999999992,
    "pct3ResTime" : 17807.0,
    "throughput" : 0.0502856644789609,
    "receivedKBytesPerSec" : 0.03766432281343264,
    "sentKBytesPerSec" : 0.1316544826946076
  },
  "List 100 Persons" : {
    "transaction" : "List 100 Persons",
    "sampleCount" : 122,
    "errorCount" : 0,
    "errorPct" : 0.0,
    "meanResTime" : 1102.229508196721,
    "medianResTime" : 731.0,
    "minResTime" : 518.0,
    "maxResTime" : 10399.0,
    "pct1ResTime" : 1619.0000000000002,
    "pct2ResTime" : 2883.4999999999945,
    "pct3ResTime" : 10091.719999999994,
    "throughput" : 0.10188350873442309,
    "receivedKBytesPerSec" : 3.7447506766484673,
    "sentKBytesPerSec" : 0.1565889701393633
  },
  "Officer E1A" : {
    "transaction" : "Officer E1A",
    "sampleCount" : 103,
    "errorCount" : 4,
    "errorPct" : 3.883495,
    "meanResTime" : 5502.038834951458,
    "medianResTime" : 2769.0,
    "minResTime" : 205.0,
    "maxResTime" : 43083.0,
    "pct1ResTime" : 13078.000000000002,
    "pct2ResTime" : 18667.6,
    "pct3ResTime" : 42369.31999999989,
    "throughput" : 0.08756433428152188,
    "receivedKBytesPerSec" : 0.08331280822858202,
    "sentKBytesPerSec" : 0.2558512090147907
  },
  "Create - Officer E1C" : {
    "transaction" : "Create - Officer E1C",
    "sampleCount" : 97,
    "errorCount" : 0,
    "errorPct" : 0.0,
    "meanResTime" : 4293.030927835053,
    "medianResTime" : 3554.0,
    "minResTime" : 1895.0,
    "maxResTime" : 22024.0,
    "pct1ResTime" : 7709.600000000001,
    "pct2ResTime" : 10937.899999999998,
    "pct3ResTime" : 22024.0,
    "throughput" : 0.10503576088663176,
    "receivedKBytesPerSec" : 0.10187817408323813,
    "sentKBytesPerSec" : 0.30670044572520694
  },
  "Company with Connections - Officer E4" : {
    "transaction" : "Company with Connections - Officer E4",
    "sampleCount" : 97,
    "errorCount" : 5,
    "errorPct" : 5.1546392,
    "meanResTime" : 4451.443298969071,
    "medianResTime" : 3664.0,
    "minResTime" : 1615.0,
    "maxResTime" : 11554.0,
    "pct1ResTime" : 8347.400000000001,
    "pct2ResTime" : 10700.199999999997,
    "pct3ResTime" : 11554.0,
    "throughput" : 0.10395378022027485,
    "receivedKBytesPerSec" : 0.09353935461045733,
    "sentKBytesPerSec" : 0.3380685190042514
  },
  "Company with Connections - BDO 1% and 15% H1A1" : {
    "transaction" : "Company with Connections - BDO 1% and 15% H1A1",
    "sampleCount" : 96,
    "errorCount" : 4,
    "errorPct" : 4.1666665,
    "meanResTime" : 6754.802083333332,
    "medianResTime" : 3737.0,
    "minResTime" : 1925.0,
    "maxResTime" : 40119.0,
    "pct1ResTime" : 15661.3,
    "pct2ResTime" : 21149.749999999913,
    "pct3ResTime" : 40119.0,
    "throughput" : 0.10356523315123113,
    "receivedKBytesPerSec" : 0.093480939412181,
    "sentKBytesPerSec" : 0.35203582547963647
  },
  "Create - Director E4" : {
    "transaction" : "Create - Director E4",
    "sampleCount" : 97,
    "errorCount" : 0,
    "errorPct" : 0.0,
    "meanResTime" : 7514.185567010311,
    "medianResTime" : 6068.0,
    "minResTime" : 1819.0,
    "maxResTime" : 28748.0,
    "pct1ResTime" : 13839.800000000003,
    "pct2ResTime" : 17995.799999999996,
    "pct3ResTime" : 28748.0,
    "throughput" : 0.10639441396421198,
    "receivedKBytesPerSec" : 0.10371548728367383,
    "sentKBytesPerSec" : 0.29684885556080826
  },
  "Create - Officer E4" : {
    "transaction" : "Create - Officer E4",
    "sampleCount" : 97,
    "errorCount" : 0,
    "errorPct" : 0.0,
    "meanResTime" : 5844.525773195875,
    "medianResTime" : 4651.0,
    "minResTime" : 1938.0,
    "maxResTime" : 23276.0,
    "pct1ResTime" : 10306.4,
    "pct2ResTime" : 13238.29999999999,
    "pct3ResTime" : 23276.0,
    "throughput" : 0.10533311325590082,
    "receivedKBytesPerSec" : 0.10216340606838181,
    "sentKBytesPerSec" : 0.30756552201516363
  },
  "Company with Connections H1B" : {
    "transaction" : "Company with Connections H1B",
    "sampleCount" : 91,
    "errorCount" : 7,
    "errorPct" : 7.6923075,
    "meanResTime" : 43748.29670329668,
    "medianResTime" : 37651.0,
    "minResTime" : 4678.0,
    "maxResTime" : 274377.0,
    "pct1ResTime" : 56372.4,
    "pct2ResTime" : 69802.79999999983,
    "pct3ResTime" : 274377.0,
    "throughput" : 0.09902476925052396,
    "receivedKBytesPerSec" : 0.08793145316400461,
    "sentKBytesPerSec" : 0.29302868514965796
  },
  "Create Non-Individual with Connections (Proxy/Voting Trustee) HD2" : {
    "transaction" : "Create Non-Individual with Connections (Proxy/Voting Trustee) HD2",
    "sampleCount" : 77,
    "errorCount" : 13,
    "errorPct" : 16.883118,
    "meanResTime" : 9461.558441558442,
    "medianResTime" : 7845.0,
    "minResTime" : 186.0,
    "maxResTime" : 37461.0,
    "pct1ResTime" : 21471.600000000002,
    "pct2ResTime" : 25726.499999999985,
    "pct3ResTime" : 37461.0,
    "throughput" : 0.1035539166243037,
    "receivedKBytesPerSec" : 0.10534005357906544,
    "sentKBytesPerSec" : 0.3402013030982794
  },
  "Search - Officer E4" : {
    "transaction" : "Search - Officer E4",
    "sampleCount" : 97,
    "errorCount" : 0,
    "errorPct" : 0.0,
    "meanResTime" : 3357.659793814433,
    "medianResTime" : 2095.0,
    "minResTime" : 555.0,
    "maxResTime" : 53805.0,
    "pct1ResTime" : 6705.6,
    "pct2ResTime" : 8535.899999999989,
    "pct3ResTime" : 53805.0,
    "throughput" : 0.10494519048093028,
    "receivedKBytesPerSec" : 0.14421616930850856,
    "sentKBytesPerSec" : 0.2975968700908371
  },
  "Child of Director E1C" : {
    "transaction" : "Child of Director E1C",
    "sampleCount" : 97,
    "errorCount" : 1,
    "errorPct" : 1.0309278,
    "meanResTime" : 7623.3195876288655,
    "medianResTime" : 5185.0,
    "minResTime" : 1903.0,
    "maxResTime" : 58509.0,
    "pct1ResTime" : 13788.6,
    "pct2ResTime" : 17992.49999999999,
    "pct3ResTime" : 58509.0,
    "throughput" : 0.10486021700659755,
    "receivedKBytesPerSec" : 0.13525582920108406,
    "sentKBytesPerSec" : 0.291920126716005
  },
  "Spouse of Officer E1A" : {
    "transaction" : "Spouse of Officer E1A",
    "sampleCount" : 100,
    "errorCount" : 10,
    "errorPct" : 10.0,
    "meanResTime" : 25556.240000000005,
    "medianResTime" : 21971.5,
    "minResTime" : 2458.0,
    "maxResTime" : 60600.0,
    "pct1ResTime" : 46734.500000000015,
    "pct2ResTime" : 57177.29999999997,
    "pct3ResTime" : 60578.50999999999,
    "throughput" : 0.084140946181768,
    "receivedKBytesPerSec" : 0.10074645771875385,
    "sentKBytesPerSec" : 0.2229907628491639
  },
  "Search - Officer" : {
    "transaction" : "Search - Officer",
    "sampleCount" : 97,
    "errorCount" : 0,
    "errorPct" : 0.0,
    "meanResTime" : 2132.9793814432996,
    "medianResTime" : 1427.0,
    "minResTime" : 506.0,
    "maxResTime" : 9967.0,
    "pct1ResTime" : 4646.000000000002,
    "pct2ResTime" : 7765.999999999996,
    "pct3ResTime" : 9967.0,
    "throughput" : 0.10521417592894898,
    "receivedKBytesPerSec" : 0.14683673783447532,
    "sentKBytesPerSec" : 0.2983670566686806
  },
  "Search BDO" : {
    "transaction" : "Search BDO",
    "sampleCount" : 532,
    "errorCount" : 0,
    "errorPct" : 0.0,
    "meanResTime" : 9840.689849624056,
    "medianResTime" : 7311.5,
    "minResTime" : 3034.0,
    "maxResTime" : 62315.0,
    "pct1ResTime" : 18584.8,
    "pct2ResTime" : 22946.799999999977,
    "pct3ResTime" : 36615.79999999992,
    "throughput" : 0.5681150753393206,
    "receivedKBytesPerSec" : 0.5625670765567101,
    "sentKBytesPerSec" : 1.1316937231026345
  },
  "Create Non-Individual - No Relationship HD1" : {
    "transaction" : "Create Non-Individual - No Relationship HD1",
    "sampleCount" : 87,