{
  "Create Non-Individual - No Relationship" : {
    "transaction" : "Create Non-Individual - No Relationship",
    "sampleCount" : 114,
    "errorCount" : 18,
    "errorPct" : 15.789474,
    "meanResTime" : 1837.7368421052638,
    "medianResTime" : 1785.5,
    "minResTime" : 952.0,
    "maxResTime" : 3520.0,
    "pct1ResTime" : 2291.0,
    "pct2ResTime" : 2431.25,
    "pct3ResTime" : 3385.749999999995,
    "throughput" : 0.09809928335891947,
    "receivedKBytesPerSec" : 0.07267696701970935,
    "sentKBytesPerSec" : 0.25686522879506546
  },
  "List 100 Persons" : {
    "transaction" : "List 100 Persons",
    "sampleCount" : 248,
    "errorCount" : 0,
    "errorPct" : 0.0,
    "meanResTime" : 509.3266129032258,
    "medianResTime" : 485.0,
    "minResTime" : 373.0,
    "maxResTime" : 3245.0,
    "pct1ResTime" : 600.0,
    "pct2ResTime" : 649.7499999999999,
    "pct3ResTime" : 1009.199999999998,
    "throughput" : 0.2123540387083737,
    "receivedKBytesPerSec" : 7.8215861225137235,
    "sentKBytesPerSec" : 0.32637375482827147
  },
  "Officer E1A" : {
    "transaction" : "Officer E1A",
    "sampleCount" : 248,
    "errorCount" : 0,
    "errorPct" : 0.0,
    "meanResTime" : 1920.1290322580662,
    "medianResTime" : 1881.5,
    "minResTime" : 1508.0,
    "maxResTime" : 3504.0,
    "pct1ResTime" : 2214.2,
    "pct2ResTime" : 2345.85,
    "pct3ResTime" : 2831.7699999999995,
    "throughput" : 0.21033686976331165,
    "receivedKBytesPerSec" : 0.20441982009412576,
    "sentKBytesPerSec" : 0.6145805261029752
  },
  "Create - Officer E1C" : {
    "transaction" : "Create - Officer E1C",
    "sampleCount" : 204,
    "errorCount" : 0,
    "errorPct" : 0.0,
    "meanResTime" : 1858.2205882352935,
    "medianResTime" : 1819.5,
    "minResTime" : 1504.0,
    "maxResTime" : 3971.0,
    "pct1ResTime" : 2145.0,
    "pct2ResTime" : 2364.0,
    "pct3ResTime" : 2739.949999999998,
    "throughput" : 0.1898826078700756,
    "receivedKBytesPerSec" : 0.18417874870386505,
    "sentKBytesPerSec" : 0.5544541971619066
  },
  "Company with Connections - Officer E4" : {
    "transaction" : "Company with Connections - Officer E4",
    "sampleCount" : 208,
    "errorCount" : 19,
    "errorPct" : 9.134615,
    "meanResTime" : 1910.2740384615374,
    "medianResTime" : 1859.0,
    "minResTime" : 799.0,
    "maxResTime" : 9610.0,
    "pct1ResTime" : 2175.2,
    "pct2ResTime" : 2294.1,
    "pct3ResTime" : 3150.0699999999993,
    "throughput" : 0.18995190929065747,
    "receivedKBytesPerSec" : 0.16836881623202993,
    "sentKBytesPerSec" : 0.6177387843328944
  },
  "Company with Connections - BDO 1% and 15% H1A1" : {
    "transaction" : "Company with Connections - BDO 1% and 15% H1A1",
    "sampleCount" : 200,
    "errorCount" : 29,
    "errorPct" : 14.5,
    "meanResTime" : 2161.0599999999995,
    "medianResTime" : 1844.0,
    "minResTime" : 50.0,
    "maxResTime" : 13288.0,
    "pct1ResTime" : 2425.8,
    "pct2ResTime" : 2917.2999999999993,
    "pct3ResTime" : 12061.120000000006,
    "throughput" : 0.21029012677340292,
    "receivedKBytesPerSec" : 0.18223261840385588,
    "sentKBytesPerSec" : 0.7149381710883671
  },
  "Create - Director E4" : {
    "transaction" : "Create - Director E4",
    "sampleCount" : 220,
    "errorCount" : 0,
    "errorPct" : 0.0,
    "meanResTime" : 1852.581818181819,
    "medianResTime" : 1833.0,
    "minResTime" : 1468.0,
    "maxResTime" : 2830.0,
    "pct1ResTime" : 2087.3,
    "pct2ResTime" : 2252.6,
    "pct3ResTime" : 2766.509999999999,
    "throughput" : 0.19582657954164118,
    "receivedKBytesPerSec" : 0.19089701396733078,
    "sentKBytesPerSec" : 0.546372498983037
  },
  "Create - Officer E4" : {
    "transaction" : "Create - Officer E4",
    "sampleCount" : 212,
    "errorCount" : 0,
    "errorPct" : 0.0,
    "meanResTime" : 1840.6132075471692,
    "medianResTime" : 1812.0,
    "minResTime" : 1491.0,
    "maxResTime" : 2973.0,
    "pct1ResTime" : 2089.9,
    "pct2ResTime" : 2190.95,
    "pct3ResTime" : 2922.03,
    "throughput" : 0.19047242552258625,
    "receivedKBytesPerSec" : 0.1847351245640248,
    "sentKBytesPerSec" : 0.5561602148811974
  },
  "Company with Connections H1B" : {
    "transaction" : "Company with Connections H1B",
    "sampleCount" : 200,
    "errorCount" : 17,
    "errorPct" : 8.5,
    "meanResTime" : 11855.189999999995,
    "medianResTime" : 9634.0,
    "minResTime" : 666.0,
    "maxResTime" : 152161.0,
    "pct1ResTime" : 17838.800000000003,
    "pct2ResTime" : 21380.25,
    "pct3ResTime" : 76928.39000000001,
    "throughput" : 0.1911720567628071,
    "receivedKBytesPerSec" : 0.16931795425826196,
    "sentKBytesPerSec" : 0.5656555262942825
  },
  "Create Non-Individual with Connections (Proxy/Voting Trustee) HD2" : {
    "transaction" : "Create Non-Individual with Connections (Proxy/Voting Trustee) HD2",
    "sampleCount" : 198,
    "errorCount" : 69,
    "errorPct" : 34.848484,
    "meanResTime" : 1762.3939393939402,
    "medianResTime" : 1956.5,
    "minResTime" : 36.0,
    "maxResTime" : 7545.0,
    "pct1ResTime" : 2607.0,
    "pct2ResTime" : 3092.549999999999,
    "pct3ResTime" : 5952.089999999986,
    "throughput" : 0.21117454642800387,
    "receivedKBytesPerSec" : 0.1959930429718871,
    "sentKBytesPerSec" : 0.693170616501691
  },
  "Search - Officer E4" : {
    "transaction" : "Search - Officer E4",
    "sampleCount" : 211,
    "errorCount" : 0,
    "errorPct" : 0.0,
    "meanResTime" : 437.298578199052,
    "medianResTime" : 429.0,
    "minResTime" : 398.0,
    "maxResTime" : 638.0,
    "pct1ResTime" : 475.8,
    "pct2ResTime" : 497.19999999999993,
    "pct3ResTime" : 603.2399999999997,
    "throughput" : 0.19040949773403673,
    "receivedKBytesPerSec" : 0.2785235937446419,
    "sentKBytesPerSec" : 0.5399506593492869
  },
  "Child of Director E1C" : {
    "transaction" : "Child of Director E1C",
    "sampleCount" : 200,
    "errorCount" : 0,
    "errorPct" : 0.0,
    "meanResTime" : 1924.8799999999999,
    "medianResTime" : 1876.0,
    "minResTime" : 1558.0,
    "maxResTime" : 3458.0,
    "pct1ResTime" : 2226.1,
    "pct2ResTime" : 2484.849999999999,
    "pct3ResTime" : 3194.91,
    "throughput" : 0.20977818055188444,
    "receivedKBytesPerSec" : 0.27331392754051864,
    "sentKBytesPerSec" : 0.5840376144077752
  },
  "Spouse of Officer E1A" : {
    "transaction" : "Spouse of Officer E1A",
    "sampleCount" : 247,
    "errorCount" : 0,
    "errorPct" : 0.0,
    "meanResTime" : 6425.587044534417,
    "medianResTime" : 6214.0,
    "minResTime" : 3419.0,
    "maxResTime" : 13284.0,
    "pct1ResTime" : 8869.2,
    "pct2ResTime" : 9384.8,
    "pct3ResTime" : 13018.800000000003,
    "throughput" : 0.21013121716168023,
    "receivedKBytesPerSec" : 0.2691367421983469,
    "sentKBytesPerSec" : 0.5568990685848726
  },
  "Search - Officer" : {
    "transaction" : "Search - Officer",
    "sampleCount" : 202,
    "errorCount" : 0,
    "errorPct" : 0.0,
    "meanResTime" : 447.46039603960384,
    "medianResTime" : 427.0,
    "minResTime" : 399.0,
    "maxResTime" : 1310.0,
    "pct1ResTime" : 478.0,
    "pct2ResTime" : 558.3499999999999,
    "pct3ResTime" : 854.55,
    "throughput" : 0.18889414633872648,
    "receivedKBytesPerSec" : 0.2828827917666465,
    "sentKBytesPerSec" : 0.535663683849644
  },
  "Search BDO" : {
    "transaction" : "Search BDO",
    "sampleCount" : 1196,
    "errorCount" : 0,
    "errorPct" : 0.0,
    "meanResTime" : 1845.9506688963222,
    "medianResTime" : 1739.5,
    "minResTime" : 487.0,
    "maxResTime" : 9420.0,
    "pct1ResTime" : 2909.6,
    "pct2ResTime" : 3797.449999999997,
    "pct3ResTime" : 6461.579999999998,
    "throughput" : 1.1404465668362715,
    "receivedKBytesPerSec" : 1.1273538695561793,
    "sentKBytesPerSec" : 2.2717822552807636
  },
  "Create Non-Individual - No Relationship HD1" : {
    "transaction" : "Create Non-Individual - No Relationship HD1",
    "sampleCount" : 199,
    "errorCount" : 34,
    "errorPct" : 17.085426,
    "meanResTime" : 1862.6783919597992,