{
  "Create Non-Individual - No Relationship" : {
    "transaction" : "Create Non-Individual - No Relationship",
    "sampleCount" : 181,
    "errorCount" : 134,
    "errorPct" : 74.03315,
    "meanResTime" : 5717.933701657454,
    "medianResTime" : 9.0,
    "minResTime" : 6.0,
    "maxResTime" : 49374.0,
    "pct1ResTime" : 26582.600000000002,
    "pct2ResTime" : 31099.100000000002,
    "pct3ResTime" : 42627.86000000006,
    "throughput" : 0.03394995326723283,
    "receivedKBytesPerSec" : 0.020047148466521874,
    "sentKBytesPerSec" : 0.07183647014411099
  },
  "List 100 Persons" : {
    "transaction" : "List 100 Persons",
    "sampleCount" : 327,
    "errorCount" : 234,
    "errorPct" : 71.55963,
    "meanResTime" : 935.3577981651379,
    "medianResTime" : 9.0,
    "minResTime" : 6.0,
    "maxResTime" : 22555.0,
    "pct1ResTime" : 2078.7999999999997,
    "pct2ResTime" : 4710.799999999998,
    "pct3ResTime" : 17784.16,
    "throughput" : 0.061357567133059225,
    "receivedKBytesPerSec" : 0.6630675284707555,
    "sentKBytesPerSec" : 0.06429728739274622
  },
  "Officer E1A" : {
    "transaction" : "Officer E1A",
    "sampleCount" : 286,
    "errorCount" : 250,
    "errorPct" : 87.41259,
    "meanResTime" : 7874.227272727273,
    "medianResTime" : 9.0,
    "minResTime" : 6.0,
    "maxResTime" : 136550.0,
    "pct1ResTime" : 23474.800000000003,
    "pct2ResTime" : 58398.64999999994,
    "pct3ResTime" : 130716.18999999999,
    "throughput" : 0.05373322879777913,
    "receivedKBytesPerSec" : 0.03087297497590929,
    "sentKBytesPerSec" : 0.12708672600665727
  },
  "Create - Officer E1C" : {
    "transaction" : "Create - Officer E1C",
    "sampleCount" : 229,
    "errorCount" : 229,
    "errorPct" : 100.0,
    "meanResTime" : 8.362445414847162,
    "medianResTime" : 8.0,
    "minResTime" : 6.0,
    "maxResTime" : 19.0,
    "pct1ResTime" : 10.0,
    "pct2ResTime" : 10.0,
    "pct3ResTime" : 18.0,
    "throughput" : 0.043650442680297295,
    "receivedKBytesPerSec" : 0.022805651205038135,
    "sentKBytesPerSec" : 0.097624903049317
  },
  "Company with Connections - Officer E4" : {
    "transaction" : "Company with Connections - Officer E4",
    "sampleCount" : 229,
    "errorCount" : 229,
    "errorPct" : 100.0,
    "meanResTime" : 8.87772925764192,
    "medianResTime" : 8.0,
    "minResTime" : 6.0,
    "maxResTime" : 48.0,
    "pct1ResTime" : 10.0,
    "pct2ResTime" : 13.5,
    "pct3ResTime" : 19.69999999999999,
    "throughput" : 0.043669929325272895,
    "receivedKBytesPerSec" : 0.022943771461910956,
    "sentKBytesPerSec" : 0.11064808004631302
  },
  "Company with Connections - BDO 1% and 15% H1A1" : {
    "transaction" : "Company with Connections - BDO 1% and 15% H1A1",
    "sampleCount" : 228,
    "errorCount" : 228,
    "errorPct" : 100.0,
    "meanResTime" : 8.714912280701757,
    "medianResTime" : 8.0,
    "minResTime" : 6.0,
    "maxResTime" : 30.0,
    "pct1ResTime" : 10.0,
    "pct2ResTime" : 16.0,
    "pct3ResTime" : 18.0,
    "throughput" : 0.043755890492823746,
    "receivedKBytesPerSec" : 0.022988934653456226,
    "sentKBytesPerSec" : 0.11728978299237323
  },
  "Create - Director E4" : {
    "transaction" : "Create - Director E4",
    "sampleCount" : 247,
    "errorCount" : 231,
    "errorPct" : 93.52227,
    "meanResTime" : 4275.558704453443,
    "medianResTime" : 9.0,
    "minResTime" : 6.0,
    "maxResTime" : 163906.0,
    "pct1ResTime" : 18.0,
    "pct2ResTime" : 39087.59999999999,
    "pct3ResTime" : 111058.32000000017,
    "throughput" : 0.047058043524689376,
    "receivedKBytesPerSec" : 0.02593617702835885,
    "sentKBytesPerSec" : 0.10147820900610935
  },
  "Create - Officer E4" : {
    "transaction" : "Create - Officer E4",
    "sampleCount" : 237,
    "errorCount" : 229,
    "errorPct" : 96.62447,
    "meanResTime" : 1629.2320675105489,
    "medianResTime" : 8.0,
    "minResTime" : 6.0,
    "maxResTime" : 100494.0,
    "pct1ResTime" : 10.0,
    "pct2ResTime" : 20.599999999999966,
    "pct3ResTime" : 78043.62000000017,
    "throughput" : 0.04515310904875926,
    "receivedKBytesPerSec" : 0.024273740461643864,
    "sentKBytesPerSec" : 0.1020280015243461
  },
  "Company with Connections H1B" : {
    "transaction" : "Company with Connections H1B",
    "sampleCount" : 228,
    "errorCount" : 228,
    "errorPct" : 100.0,
    "meanResTime" : 10.82456140350878,
    "medianResTime" : 8.5,
    "minResTime" : 6.0,
    "maxResTime" : 244.0,
    "pct1ResTime" : 10.0,
    "pct2ResTime" : 16.549999999999983,
    "pct3ResTime" : 148.7100000000008,
    "throughput" : 0.04378176938644267,
    "receivedKBytesPerSec" : 0.02300253118154898,
    "sentKBytesPerSec" : 0.09963956760366054
  },
  "Search - Officer E4" : {
    "transaction" : "Search - Officer E4",
    "sampleCount" : 234,
    "errorCount" : 229,
    "errorPct" : 97.86325,
    "meanResTime" : 383.1196581196581,
    "medianResTime" : 8.0,
    "minResTime" : 6.0,
    "maxResTime" : 23789.0,
    "pct1ResTime" : 10.0,
    "pct2ResTime" : 18.0,
    "pct3ResTime" : 21500.450000000008,
    "throughput" : 0.04461857127902567,
    "receivedKBytesPerSec" : 0.024123702700739238,
    "sentKBytesPerSec" : 0.09566283056593318
  },
  "Child of Director E1C" : {
    "transaction" : "Child of Director E1C",
    "sampleCount" : 229,
    "errorCount" : 229,
    "errorPct" : 100.0,
    "meanResTime" : 8.855895196506557,
    "medianResTime" : 8.0,
    "minResTime" : 6.0,
    "maxResTime" : 19.0,
    "pct1ResTime" : 10.0,
    "pct2ResTime" : 17.0,
    "pct3ResTime" : 19.0,
    "throughput" : 0.043677009089967585,
    "receivedKBytesPerSec" : 0.022819531116340483,
    "sentKBytesPerSec" : 0.09021365382642069
  },
  "Spouse of Officer E1A" : {
    "transaction" : "Spouse of Officer E1A",
    "sampleCount" : 283,
    "errorCount" : 237,
    "errorPct" : 83.74558,
    "meanResTime" : 23664.968197879854,
    "medianResTime" : 9.0,
    "minResTime" : 6.0,
    "maxResTime" : 279900.0,
    "pct1ResTime" : 105499.8,
    "pct2ResTime" : 162103.60000000003,
    "pct3ResTime" : 273889.7600000001,
    "throughput" : 0.05348199943305301,
    "receivedKBytesPerSec" : 0.034435385760181424,
    "sentKBytesPerSec" : 0.1120333022299915
  },
  "Search - Officer" : {
    "transaction" : "Search - Officer",
    "sampleCount" : 229,
    "errorCount" : 229,
    "errorPct" : 100.0,
    "meanResTime" : 9.73799126637554,
    "medianResTime" : 8.0,
    "minResTime" : 6.0,
    "maxResTime" : 326.0,
    "pct1ResTime" : 10.0,
    "pct2ResTime" : 10.0,
    "pct3ResTime" : 19.69999999999999,
    "throughput" : 0.04366193611515159,
    "receivedKBytesPerSec" : 0.022811656075787206,
    "sentKBytesPerSec" : 0.09295216868264694
  },
  "Search BDO" : {
    "transaction" : "Search BDO",
    "sampleCount" : 684,
    "errorCount" : 684,
    "errorPct" : 100.0,
    "meanResTime" : 9.845029239766077,
    "medianResTime" : 8.0,
    "minResTime" : 6.0,
    "maxResTime" : 354.0,
    "pct1ResTime" : 10.0,
    "pct2ResTime" : 17.0,
    "pct3ResTime" : 20.0,
    "throughput" : 0.13090944167123125,
    "receivedKBytesPerSec" : 0.06877859337804924,
    "sentKBytesPerSec" : 0.17130727718696281
  },
  "Director E1A" : {
    "transaction" : "Director E1A",
    "sampleCount" : 286,
    "errorCount" : 240,
    "errorPct" : 83.916084,
    "meanResTime" : 6996.426573426569,
    "medianResTime" : 9.0,
    "minResTime" : 6.0,
    "maxResTime" : 208566.0,
    "pct1ResTime" : 19994.9,
    "pct2ResTime" : 34391.85,
    "pct3ResTime" : 173638.37999999995,
    "throughput" : 0.05371849368084566,
    "receivedKBytesPerSec" : 0.031875545754539165,
    "sentKBytesPerSec" : 0.11997149820691048
  },
  "Director E1B" : {
    "transaction" : "Director E1B",
    "sampleCount" : 566,
    "errorCount" : 473,
    "errorPct" : 83.5689,
    "meanResTime" : 12873.293286219065,
    "medianResTime" : 9.0,
    "minResTime" : 6.0,
    "maxResTime" : 183932.0,
    "pct1ResTime" : 55861.100000000006,
    "pct2ResTime" : 93740.29999999999,
    "pct3ResTime" : 146311.79000000004,