{
  "Create Non-Individual - No Relationship" : {
    "transaction" : "Create Non-Individual - No Relationship",
    "sampleCount" : 74,
    "errorCount" : 7,
    "errorPct" : 9.459459,
    "meanResTime" : 2895.5540540540546,
    "medianResTime" : 2293.5,
    "minResTime" : 34.0,
    "maxResTime" : 15626.0,
    "pct1ResTime" : 4873.0,
    "pct2ResTime" : 8489.0,
    "pct3ResTime" : 15626.0,
    "throughput" : 0.0656134816198018,
    "receivedKBytesPerSec" : 0.049413594747640795,
    "sentKBytesPerSec" : 0.17176088297126219
  },
  "List 100 Persons" : {
    "transaction" : "List 100 Persons",
    "sampleCount" : 150,
    "errorCount" : 0,
    "errorPct" : 0.0,
    "meanResTime" : 968.9866666666666,
    "medianResTime" : 604.5,
    "minResTime" : 391.0,
    "maxResTime" : 11476.0,
    "pct1ResTime" : 1202.0000000000002,
    "pct2ResTime" : 2357.199999999984,
    "pct3ResTime" : 10665.610000000015,
    "throughput" : 0.13431208038667553,
    "receivedKBytesPerSec" : 4.932855991930531,
    "sentKBytesPerSec" : 0.20642874839273212
  },
  "Officer E1A" : {
    "transaction" : "Officer E1A",
    "sampleCount" : 150,
    "errorCount" : 1,
    "errorPct" : 0.6666667,
    "meanResTime" : 3693.92,
    "medianResTime" : 2461.5,
    "minResTime" : 92.0,
    "maxResTime" : 21554.0,
    "pct1ResTime" : 6436.8,
    "pct2ResTime" : 12048.749999999982,
    "pct3ResTime" : 20338.67000000002,
    "throughput" : 0.13154294614105613,
    "receivedKBytesPerSec" : 0.1273834143089786,
    "sentKBytesPerSec" : 0.38435461495406525
  },
  "Create - Officer E1C" : {
    "transaction" : "Create - Officer E1C",
    "sampleCount" : 132,
    "errorCount" : 0,
    "errorPct" : 0.0,
    "meanResTime" : 2717.515151515152,
    "medianResTime" : 2124.5,
    "minResTime" : 1564.0,
    "maxResTime" : 14888.0,
    "pct1ResTime" : 3936.3,
    "pct2ResTime" : 5162.849999999995,
    "pct3ResTime" : 14776.129999999996,
    "throughput" : 0.13461448247870134,
    "receivedKBytesPerSec" : 0.1305731001256402,
    "sentKBytesPerSec" : 0.39307373113102684
  },
  "Company with Connections - Officer E4" : {
    "transaction" : "Company with Connections - Officer E4",
    "sampleCount" : 137,
    "errorCount" : 8,
    "errorPct" : 5.839416,
    "meanResTime" : 2787.0218978102193,
    "medianResTime" : 2284.0,
    "minResTime" : 47.0,
    "maxResTime" : 12255.0,
    "pct1ResTime" : 4571.8,
    "pct2ResTime" : 6054.199999999999,
    "pct3ResTime" : 12201.42,
    "throughput" : 0.1389009990733174,
    "receivedKBytesPerSec" : 0.12466812197991715,
    "sentKBytesPerSec" : 0.4517460733219847
  },
  "Company with Connections - BDO 1% and 15% H1A1" : {
    "transaction" : "Company with Connections - BDO 1% and 15% H1A1",
    "sampleCount" : 118,
    "errorCount" : 12,
    "errorPct" : 10.169492,
    "meanResTime" : 5097.40677966102,
    "medianResTime" : 2499.0,
    "minResTime" : 62.0,
    "maxResTime" : 77183.0,
    "pct1ResTime" : 8421.200000000004,
    "pct2ResTime" : 13250.999999999995,
    "pct3ResTime" : 74349.91000000003,
    "throughput" : 0.12426978338091745,
    "receivedKBytesPerSec" : 0.10935827327399275,
    "sentKBytesPerSec" : 0.4224526767763997
  },
  "Create - Director E4" : {
    "transaction" : "Create - Director E4",
    "sampleCount" : 137,
    "errorCount" : 2,
    "errorPct" : 1.459854,
    "meanResTime" : 3509.9562043795613,
    "medianResTime" : 2778.0,
    "minResTime" : 47.0,
    "maxResTime" : 10314.0,
    "pct1ResTime" : 6663.8,
    "pct2ResTime" : 7678.2,
    "pct3ResTime" : 10030.900000000003,
    "throughput" : 0.13696589549202248,
    "receivedKBytesPerSec" : 0.13245920515791568,
    "sentKBytesPerSec" : 0.3821401986530354
  },
  "Create - Officer E4" : {
    "transaction" : "Create - Officer E4",
    "sampleCount" : 137,
    "errorCount" : 0,
    "errorPct" : 0.0,
    "meanResTime" : 3407.737226277371,
    "medianResTime" : 2501.0,
    "minResTime" : 1679.0,
    "maxResTime" : 11648.0,
    "pct1ResTime" : 7002.0,
    "pct2ResTime" : 8224.3,
    "pct3ResTime" : 10989.080000000007,
    "throughput" : 0.13804583524783762,
    "receivedKBytesPerSec" : 0.13388639363064578,
    "sentKBytesPerSec" : 0.40307714998831146
  },
  "Company with Connections H1B" : {
    "transaction" : "Company with Connections H1B",
    "sampleCount" : 105,
    "errorCount" : 12,
    "errorPct" : 11.428572,
    "meanResTime" : 53589.066666666666,
    "medianResTime" : 52498.0,
    "minResTime" : 2170.0,
    "maxResTime" : 141213.0,
    "pct1ResTime" : 82723.80000000002,
    "pct2ResTime" : 94333.7,
    "pct3ResTime" : 141212.22,
    "throughput" : 0.1108662667738022,
    "receivedKBytesPerSec" : 0.09685847069751775,
    "sentKBytesPerSec" : 0.32804123987553413
  },
  "Search - Officer E4" : {
    "transaction" : "Search - Officer E4",
    "sampleCount" : 137,
    "errorCount" : 0,
    "errorPct" : 0.0,
    "meanResTime" : 885.6715328467153,
    "medianResTime" : 486.0,
    "minResTime" : 421.0,
    "maxResTime" : 5025.0,
    "pct1ResTime" : 2002.4,
    "pct2ResTime" : 3266.6999999999994,
    "pct3ResTime" : 4811.820000000002,
    "throughput" : 0.13834303417577845,
    "receivedKBytesPerSec" : 0.19534760643830304,
    "sentKBytesPerSec" : 0.3922986698620205
  },
  "Child of Director E1C" : {
    "transaction" : "Child of Director E1C",
    "sampleCount" : 127,
    "errorCount" : 0,
    "errorPct" : 0.0,
    "meanResTime" : 3251.8976377952768,
    "medianResTime" : 2349.0,
    "minResTime" : 1629.0,
    "maxResTime" : 17458.0,
    "pct1ResTime" : 5571.600000000001,
    "pct2ResTime" : 9137.4,
    "pct3ResTime" : 16050.719999999994,
    "throughput" : 0.13040567459779606,
    "receivedKBytesPerSec" : 0.16973755344579025,
    "sentKBytesPerSec" : 0.3630397395891092
  },
  "Spouse of Officer E1A" : {
    "transaction" : "Spouse of Officer E1A",
    "sampleCount" : 150,
    "errorCount" : 2,
    "errorPct" : 1.3333334,
    "meanResTime" : 28299.70666666667,
    "medianResTime" : 28203.0,
    "minResTime" : 48.0,
    "maxResTime" : 73219.0,
    "pct1ResTime" : 38072.4,
    "pct2ResTime" : 39646.99999999999,
    "pct3ResTime" : 72416.77000000002,
    "throughput" : 0.12915558081264691,
    "receivedKBytesPerSec" : 0.16397461366336888,
    "sentKBytesPerSec" : 0.34228667399624585
  },
  "Search - Officer" : {
    "transaction" : "Search - Officer",
    "sampleCount" : 129,
    "errorCount" : 0,
    "errorPct" : 0.0,
    "meanResTime" : 909.472868217054,
    "medianResTime" : 484.0,
    "minResTime" : 416.0,
    "maxResTime" : 11150.0,
    "pct1ResTime" : 1526.0,
    "pct2ResTime" : 3567.0,
    "pct3ResTime" : 10369.39999999997,
    "throughput" : 0.1320527965506581,
    "receivedKBytesPerSec" : 0.18466458365749394,
    "sentKBytesPerSec" : 0.37447848262379696
  },
  "Search BDO" : {
    "transaction" : "Search BDO",
    "sampleCount" : 335,
    "errorCount" : 0,
    "errorPct" : 0.0,
    "meanResTime" : 12295.080597014916,
    "medianResTime" : 11707.0,
    "minResTime" : 3848.0,
    "maxResTime" : 26071.0,
    "pct1ResTime" : 19570.8,
    "pct2ResTime" : 21223.6,
    "pct3ResTime" : 24459.719999999994,
    "throughput" : 0.34913253592156923,
    "receivedKBytesPerSec" : 0.34572303850046016,
    "sentKBytesPerSec" : 0.6954774260412226
  },
  "Director E1A" : {
    "transaction" : "Director E1A",
    "sampleCount" : 150,
    "errorCount" : 4,
    "errorPct" : 2.6666667,
    "meanResTime" : 2884.7399999999993,
    "medianResTime" : 2238.5,
    "minResTime" : 43.0,
    "maxResTime" : 16435.0,
    "pct1ResTime" : 4520.1,
    "pct2ResTime" : 6454.499999999995,
    "pct3ResTime" : 14497.510000000035,
    "throughput" : 0.13256902869324058,
    "receivedKBytesPerSec" : 0.12736379554188032,
    "sentKBytesPerSec" : 0.36987449469105227
  },
  "Director E1B" : {
    "transaction" : "Director E1B",
    "sampleCount" : 296,
    "errorCount" : 8,
    "errorPct" : 2.7027028,
    "meanResTime" : 3534.1959459459504,
    "medianResTime" : 2658.5,
    "minResTime" : 50.0,
    "maxResTime" : 15769.0,