{
  "Create Non-Individual - No Relationship" : {
    "transaction" : "Create Non-Individual - No Relationship",
    "sampleCount" : 28,
    "errorCount" : 2,
    "errorPct" : 7.142857,
    "meanResTime" : 7836.392857142858,
    "medianResTime" : 6706.0,
    "minResTime" : 2338.0,
    "maxResTime" : 24844.0,
    "pct1ResTime" : 15964.1,
    "pct2ResTime" : 21123.849999999977,
    "pct3ResTime" : 24844.0,
    "throughput" : 0.023508510920542913,
    "receivedKBytesPerSec" : 0.017808484137632256,
    "sentKBytesPerSec" : 0.0615540579258105
  },
  "List 100 Persons" : {
    "transaction" : "List 100 Persons",
    "sampleCount" : 63,
    "errorCount" : 0,
    "errorPct" : 0.0,
    "meanResTime" : 1997.3492063492065,
    "medianResTime" : 1085.0,
    "minResTime" : 603.0,
    "maxResTime" : 10229.0,
    "pct1ResTime" : 4691.0,
    "pct2ResTime" : 6332.199999999998,
    "pct3ResTime" : 10229.0,
    "throughput" : 0.05255005392636486,
    "receivedKBytesPerSec" : 1.9308943526521511,
    "sentKBytesPerSec" : 0.08076622018931366
  },
  "Officer E1A" : {
    "transaction" : "Officer E1A",
    "sampleCount" : 50,
    "errorCount" : 7,
    "errorPct" : 14.0,
    "meanResTime" : 23582.08,
    "medianResTime" : 15495.5,
    "minResTime" : 1827.0,
    "maxResTime" : 97757.0,
    "pct1ResTime" : 72510.79999999999,
    "pct2ResTime" : 87579.39999999998,
    "pct3ResTime" : 97757.0,
    "throughput" : 0.1720785366441244,
    "receivedKBytesPerSec" : 0.15459508844836783,
    "sentKBytesPerSec" : 0.5027919742570509
  },
  "Create - Officer E1C" : {
    "transaction" : "Create - Officer E1C",
    "sampleCount" : 50,
    "errorCount" : 0,
    "errorPct" : 0.0,
    "meanResTime" : 11631.92,
    "medianResTime" : 9409.5,
    "minResTime" : 2792.0,
    "maxResTime" : 31172.0,
    "pct1ResTime" : 25213.599999999995,
    "pct2ResTime" : 27209.04999999999,
    "pct3ResTime" : 31172.0,
    "throughput" : 0.18397436133300463,
    "receivedKBytesPerSec" : 0.1784551304930145,
    "sentKBytesPerSec" : 0.5372087283416184
  },
  "Company with Connections - Officer E4" : {
    "transaction" : "Company with Connections - Officer E4",
    "sampleCount" : 50,
    "errorCount" : 1,
    "errorPct" : 2.0,
    "meanResTime" : 14748.36,
    "medianResTime" : 14119.0,
    "minResTime" : 2040.0,
    "maxResTime" : 44870.0,
    "pct1ResTime" : 25387.6,
    "pct2ResTime" : 34435.549999999974,
    "pct3ResTime" : 44870.0,
    "throughput" : 0.19289379267775164,
    "receivedKBytesPerSec" : 0.17555218862119518,
    "sentKBytesPerSec" : 0.6271497109004283
  },
  "Company with Connections - BDO 1% and 15% H1A1" : {
    "transaction" : "Company with Connections - BDO 1% and 15% H1A1",
    "sampleCount" : 50,
    "errorCount" : 3,
    "errorPct" : 6.0,
    "meanResTime" : 27242.819999999992,
    "medianResTime" : 19109.5,
    "minResTime" : 2269.0,
    "maxResTime" : 120126.0,
    "pct1ResTime" : 58340.89999999998,
    "pct2ResTime" : 108429.14999999995,
    "pct3ResTime" : 120126.0,
    "throughput" : 0.11616776483927027,
    "receivedKBytesPerSec" : 0.10403140987588637,
    "sentKBytesPerSec" : 0.3948909888955234
  },
  "Create - Director E4" : {
    "transaction" : "Create - Director E4",
    "sampleCount" : 50,
    "errorCount" : 0,
    "errorPct" : 0.0,
    "meanResTime" : 17474.800000000003,
    "medianResTime" : 13438.0,
    "minResTime" : 3085.0,
    "maxResTime" : 41640.0,
    "pct1ResTime" : 34180.799999999996,
    "pct2ResTime" : 39259.29999999999,
    "pct3ResTime" : 41640.0,
    "throughput" : 0.16807513630893556,
    "receivedKBytesPerSec" : 0.16384699616116388,
    "sentKBytesPerSec" : 0.4689460438894604
  },
  "Create - Officer E4" : {
    "transaction" : "Create - Officer E4",
    "sampleCount" : 50,
    "errorCount" : 0,
    "errorPct" : 0.0,
    "meanResTime" : 16205.580000000004,
    "medianResTime" : 15120.5,
    "minResTime" : 2331.0,
    "maxResTime" : 36405.0,
    "pct1ResTime" : 32629.1,
    "pct2ResTime" : 35377.6,
    "pct3ResTime" : 36405.0,
    "throughput" : 0.17749630807679198,
    "receivedKBytesPerSec" : 0.17214368503635122,
    "sentKBytesPerSec" : 0.5182649525108627
  },
  "Company with Connections H1B" : {
    "transaction" : "Company with Connections H1B",
    "sampleCount" : 50,
    "errorCount" : 3,
    "errorPct" : 6.0,
    "meanResTime" : 58880.96,
    "medianResTime" : 54176.5,
    "minResTime" : 16228.0,
    "maxResTime" : 164243.0,
    "pct1ResTime" : 83489.9,
    "pct2ResTime" : 88098.14999999998,
    "pct3ResTime" : 164243.0,
    "throughput" : 0.09885095648185492,
    "receivedKBytesPerSec" : 0.08828626050785668,
    "sentKBytesPerSec" : 0.29247526749068825
  },
  "Create Non-Individual with Connections (Proxy/Voting Trustee) HD2" : {
    "transaction" : "Create Non-Individual with Connections (Proxy/Voting Trustee) HD2",
    "sampleCount" : 16,
    "errorCount" : 1,
    "errorPct" : 6.25,
    "meanResTime" : 35516.312500000015,
    "medianResTime" : 34879.5,
    "minResTime" : 879.0,
    "maxResTime" : 86564.0,
    "pct1ResTime" : 76724.80000000002,
    "pct2ResTime" : 86564.0,
    "pct3ResTime" : 86564.0,
    "throughput" : 0.13585572122406003,
    "receivedKBytesPerSec" : 0.1470333037564107,
    "sentKBytesPerSec" : 0.4464648192057535
  },
  "Search - Officer E4" : {
    "transaction" : "Search - Officer E4",
    "sampleCount" : 50,
    "errorCount" : 0,
    "errorPct" : 0.0,
    "meanResTime" : 10302.9,
    "medianResTime" : 7714.5,
    "minResTime" : 1059.0,
    "maxResTime" : 69213.0,
    "pct1ResTime" : 21694.499999999996,
    "pct2ResTime" : 24538.199999999993,
    "pct3ResTime" : 69213.0,
    "throughput" : 0.18750187501875018,
    "receivedKBytesPerSec" : 0.2576539437269373,
    "sentKBytesPerSec" : 0.5316959907880329
  },
  "Child of Director E1C" : {
    "transaction" : "Child of Director E1C",
    "sampleCount" : 50,
    "errorCount" : 0,
    "errorPct" : 0.0,
    "meanResTime" : 26514.719999999998,
    "medianResTime" : 23818.5,
    "minResTime" : 6511.0,
    "maxResTime" : 64244.0,
    "pct1ResTime" : 42280.5,
    "pct2ResTime" : 54369.549999999996,
    "pct3ResTime" : 64244.0,
    "throughput" : 0.15606905743653451,
    "receivedKBytesPerSec" : 0.20320678994041286,
    "sentKBytesPerSec" : 0.4344419975200627
  },
  "Spouse of Officer E1A" : {
    "transaction" : "Spouse of Officer E1A",
    "sampleCount" : 50,
    "errorCount" : 4,
    "errorPct" : 8.0,
    "meanResTime" : 63822.13999999999,
    "medianResTime" : 55997.5,
    "minResTime" : 549.0,
    "maxResTime" : 171847.0,
    "pct1ResTime" : 130616.0,
    "pct2ResTime" : 145301.89999999997,
    "pct3ResTime" : 171847.0,
    "throughput" : 0.15374491873043594,
    "receivedKBytesPerSec" : 0.186649934735282,
    "sentKBytesPerSec" : 0.4074510601096509
  },
  "Search - Officer" : {
    "transaction" : "Search - Officer",
    "sampleCount" : 50,
    "errorCount" : 0,
    "errorPct" : 0.0,
    "meanResTime" : 6720.379999999998,
    "medianResTime" : 4808.0,
    "minResTime" : 597.0,
    "maxResTime" : 30835.0,
    "pct1ResTime" : 14765.8,
    "pct2ResTime" : 21804.149999999972,
    "pct3ResTime" : 30835.0,
    "throughput" : 0.18718179095537588,
    "receivedKBytesPerSec" : 0.2572433503668763,
    "sentKBytesPerSec" : 0.5308175808157383
  },
  "Search BDO" : {
    "transaction" : "Search BDO",
    "sampleCount" : 242,
    "errorCount" : 0,
    "errorPct" : 0.0,
    "meanResTime" : 25039.24380165289,
    "medianResTime" : 19721.0,
    "minResTime" : 4342.0,
    "maxResTime" : 105078.0,
    "pct1ResTime" : 48999.10000000003,
    "pct2ResTime" : 58613.25,
    "pct3ResTime" : 81708.77999999998,
    "throughput" : 0.4233078182505143,
    "receivedKBytesPerSec" : 0.4191739528379116,
    "sentKBytesPerSec" : 0.8432265501462336
  },
  "Create Non-Individual - No Relationship HD1" : {
    "transaction" : "Create Non-Individual - No Relationship HD1",
    "sampleCount" : 41,
    "errorCount" : 0,
    "errorPct" : 0.0,
    "meanResTime" : 27690.58536585366,
    "medianResTime" : 24245.0,