{
  "Create Non-Individual - No Relationship" : {
    "transaction" : "Create Non-Individual - No Relationship",
    "sampleCount" : 7,
    "errorCount" : 0,
    "errorPct" : 0.0,
    "meanResTime" : 4763.0,
    "medianResTime" : 4328.0,
    "minResTime" : 4205.0,
    "maxResTime" : 7411.0,
    "pct1ResTime" : 7411.0,
    "pct2ResTime" : 7411.0,
    "pct3ResTime" : 7411.0,
    "throughput" : 0.006799635151005326,
    "receivedKBytesPerSec" : 0.0052884997163580765,
    "sentKBytesPerSec" : 0.017875603346197595
  },
  "Spouse of Director" : {
    "transaction" : "Spouse of Director",
    "sampleCount" : 5,
    "errorCount" : 0,
    "errorPct" : 0.0,
    "meanResTime" : 5374.8,
    "medianResTime" : 5402.0,
    "minResTime" : 4927.0,
    "maxResTime" : 5825.0,
    "pct1ResTime" : 5825.0,
    "pct2ResTime" : 5825.0,
    "pct3ResTime" : 5825.0,
    "throughput" : 0.004645985218333429,
    "receivedKBytesPerSec" : 0.005934520181230591,
    "sentKBytesPerSec" : 0.012345435331137949
  },
  "List 100 Persons" : {
    "transaction" : "List 100 Persons",
    "sampleCount" : 5,
    "errorCount" : 0,
    "errorPct" : 0.0,
    "meanResTime" : 499.6,
    "medianResTime" : 479.0,
    "minResTime" : 465.0,
    "maxResTime" : 573.0,
    "pct1ResTime" : 573.0,
    "pct2ResTime" : 573.0,
    "pct3ResTime" : 573.0,
    "throughput" : 0.004666094292433462,
    "receivedKBytesPerSec" : 0.17196653564662737,
    "sentKBytesPerSec" : 0.007217864608608011
  },
  "Child of Officer" : {
    "transaction" : "Child of Officer",
    "sampleCount" : 4,
    "errorCount" : 0,
    "errorPct" : 0.0,
    "meanResTime" : 4312.5,
    "medianResTime" : 4332.5,
    "minResTime" : 4154.0,
    "maxResTime" : 4431.0,
    "pct1ResTime" : 4431.0,
    "pct2ResTime" : 4431.0,
    "pct3ResTime" : 4431.0,
    "throughput" : 0.005052942201920624,
    "receivedKBytesPerSec" : 0.006566604331255731,
    "sentKBytesPerSec" : 0.014113943293987756
  },
  "Create - Director" : {
    "transaction" : "Create - Director",
    "sampleCount" : 9,
    "errorCount" : 0,
    "errorPct" : 0.0,
    "meanResTime" : 4292.333333333333,
    "medianResTime" : 4258.0,
    "minResTime" : 4146.0,
    "maxResTime" : 4614.0,
    "pct1ResTime" : 4614.0,
    "pct2ResTime" : 4614.0,
    "pct3ResTime" : 4614.0,
    "throughput" : 0.00840712924560027,
    "receivedKBytesPerSec" : 0.008195491443410679,
    "sentKBytesPerSec" : 0.02354014433406195
  },
  "Spouse of Officer" : {
    "transaction" : "Spouse of Officer",
    "sampleCount" : 5,
    "errorCount" : 0,
    "errorPct" : 0.0,
    "meanResTime" : 5166.2,
    "medianResTime" : 4674.0,
    "minResTime" : 4587.0,
    "maxResTime" : 6986.0,
    "pct1ResTime" : 6986.0,
    "pct2ResTime" : 6986.0,
    "pct3ResTime" : 6986.0,
    "throughput" : 0.0046308773938162975,
    "receivedKBytesPerSec" : 0.0059242669784173325,
    "sentKBytesPerSec" : 0.012314335100939234
  },
  "Company with Connections" : {
    "transaction" : "Company with Connections",
    "sampleCount" : 4,
    "errorCount" : 0,
    "errorPct" : 0.0,
    "meanResTime" : 5571.0,
    "medianResTime" : 5592.0,
    "minResTime" : 5257.0,
    "maxResTime" : 5843.0,
    "pct1ResTime" : 5843.0,
    "pct2ResTime" : 5843.0,
    "pct3ResTime" : 5843.0,
    "throughput" : 0.004971766580530811,
    "receivedKBytesPerSec" : 0.004561498732820993,
    "sentKBytesPerSec" : 0.014767214897152794
  },
  "Search - Officer" : {
    "transaction" : "Search - Officer",
    "sampleCount" : 8,
    "errorCount" : 0,
    "errorPct" : 0.0,
    "meanResTime" : 489.87500000000006,
    "medianResTime" : 490.0,
    "minResTime" : 447.0,
    "maxResTime" : 546.0,
    "pct1ResTime" : 546.0,
    "pct2ResTime" : 546.0,
    "pct3ResTime" : 546.0,
    "throughput" : 0.009427380885042518,
    "receivedKBytesPerSec" : 0.012954593093618606,
    "sentKBytesPerSec" : 0.02682752724513076
  },
  "Search BDO" : {
    "transaction" : "Search BDO",
    "sampleCount" : 12,
    "errorCount" : 0,
    "errorPct" : 0.0,
    "meanResTime" : 198.66666666666666,
    "medianResTime" : 196.5,
    "minResTime" : 161.0,
    "maxResTime" : 245.0,
    "pct1ResTime" : 238.70000000000002,
    "pct2ResTime" : 245.0,
    "pct3ResTime" : 245.0,
    "throughput" : 0.014740384969720792,
    "receivedKBytesPerSec" : 0.014524461361765897,
    "sentKBytesPerSec" : 0.02950955975383557
  },
  "Child of Director" : {
    "transaction" : "Child of Director",
    "sampleCount" : 4,
    "errorCount" : 0,
    "errorPct" : 0.0,
    "meanResTime" : 4360.5,
    "medianResTime" : 4384.0,
    "minResTime" : 4105.0,
    "maxResTime" : 4569.0,
    "pct1ResTime" : 4569.0,
    "pct2ResTime" : 4569.0,
    "pct3ResTime" : 4569.0,
    "throughput" : 0.0050210570580371434,
    "receivedKBytesPerSec" : 0.006543555316357977,
    "sentKBytesPerSec" : 0.014029784675106228
  },
  "Create - Officer" : {
    "transaction" : "Create - Officer",
    "sampleCount" : 9,
    "errorCount" : 0,
    "errorPct" : 0.0,
    "meanResTime" : 4407.111111111111,
    "medianResTime" : 4362.0,
    "minResTime" : 4216.0,
    "maxResTime" : 4793.0,
    "pct1ResTime" : 4793.0,
    "pct2ResTime" : 4793.0,
    "pct3ResTime" : 4793.0,
    "throughput" : 0.008400961069946401,
    "receivedKBytesPerSec" : 0.00814845822528764,
    "sentKBytesPerSec" : 0.02461401375984079
  },
  "Create Non-Individual" : {
    "transaction" : "Create Non-Individual",
    "sampleCount" : 4,
    "errorCount" : 0,
    "errorPct" : 0.0,
    "meanResTime" : 4673.75,
    "medianResTime" : 4668.5,
    "minResTime" : 4545.0,
    "maxResTime" : 4813.0,
    "pct1ResTime" : 4813.0,
    "pct2ResTime" : 4813.0,
    "pct3ResTime" : 4813.0,
    "throughput" : 0.004997232782346775,
    "receivedKBytesPerSec" : 0.005724369193059344,
    "sentKBytesPerSec" : 0.02052574324467826
  },
  "List 10 Persons" : {
    "transaction" : "List 10 Persons",
    "sampleCount" : 81,
    "errorCount" : 0,
    "errorPct" : 0.0,
    "meanResTime" : 356.41975308642,
    "medianResTime" : 340.0,
    "minResTime" : 294.0,
    "maxResTime" : 470.0,
    "pct1ResTime" : 434.4,
    "pct2ResTime" : 444.79999999999995,
    "pct3ResTime" : 470.0,
    "throughput" : 0.06977705799248819,
    "receivedKBytesPerSec" : 0.2818338982977844,
    "sentKBytesPerSec" : 0.1078682449239344
  },
  "Company with Connections - Officer" : {
    "transaction" : "Company with Connections - Officer",
    "sampleCount" : 4,
    "errorCount" : 0,
    "errorPct" : 0.0,
    "meanResTime" : 4211.0,
    "medianResTime" : 4399.5,
    "minResTime" : 3550.0,
    "maxResTime" : 4495.0,
    "pct1ResTime" : 4495.0,
    "pct2ResTime" : 4495.0,
    "pct3ResTime" : 4495.0,
    "throughput" : 0.005011074474588842,
    "receivedKBytesPerSec" : 0.004606126805865964,
    "sentKBytesPerSec" : 0.016343492164558677
  },
  "Parent of Director" : {
    "transaction" : "Parent of Director",
    "sampleCount" : 5,
    "errorCount" : 0,
    "errorPct" : 0.0,
    "meanResTime" : 4952.8,
    "medianResTime" : 4731.0,
    "minResTime" : 4327.0,
    "maxResTime" : 6501.0,
    "pct1ResTime" : 6501.0,
    "pct2ResTime" : 6501.0,
    "pct3ResTime" : 6501.0,
    "throughput" : 0.004631623800988388,
    "receivedKBytesPerSec" : 0.006119713869860634,
    "sentKBytesPerSec" : 0.013035488080516147
  },
  "Director" : {
    "transaction" : "Director",
    "sampleCount" : 20,
    "errorCount" : 0,
    "errorPct" : 0.0,
    "meanResTime" : 4404.6500000000015,
    "medianResTime" : 4404.5,
    "minResTime" : 4132.0,
    "maxResTime" : 4843.0,
    "pct1ResTime" : 4622.3,
    "pct2ResTime" : 4832.05,
    "pct3ResTime" : 4843.0,
    "throughput" : 0.017612905327991927,
    "receivedKBytesPerSec" : 0.017143342519931205,
    "sentKBytesPerSec" : 0.050477141861384675
  },
  "Company with Connections - Director" : {
    "transaction" : "Company with Connections - Director",
    "sampleCount" : 4,
    "errorCount" : 0,
    "errorPct" : 0.0,
    "meanResTime" : 4535.0,
    "medianResTime" : 4487.5,
    "minResTime" : 4357.0,
    "maxResTime" : 4808.0,